{"cameraMode":{"drawMode":0,"name":"Shaded","section":"Shading Mode"},"sceneLighting":true,"audioPlay":false,"sceneViewState":{"showFog":true,"showMaterialUpdate":false,"showSkybox":true,"showFlares":true,"showImageEffects":true,"showParticleSystems":true},"in2DMode":false,"pivot":{"x":-0.6454976797103882,"y":-1.9664225578308106,"z":-7.150554180145264},"rotation":{"x":0.13329416513442994,"y":-0.041615650057792667,"z":0.005611085798591375,"w":0.9901952743530273},"size":2.9257848262786867,"orthographic":false}