{"cameraMode":{"drawMode":0,"name":"Shaded","section":"Shading Mode"},"sceneLighting":true,"audioPlay":false,"sceneViewState":{"showFog":true,"showMaterialUpdate":false,"showSkybox":true,"showFlares":true,"showImageEffects":true,"showParticleSystems":true},"in2DMode":false,"pivot":{"x":-2.0104174613952638,"y":-1.1335835456848145,"z":-11.154214859008789},"rotation":{"x":-0.008690073154866696,"y":0.0014956877566874028,"z":0.000022748217816115357,"w":0.9999690651893616},"size":0.4634651243686676,"orthographic":false}