{"cameraMode":{"drawMode":0,"name":"Shaded","section":"Shading Mode"},"sceneLighting":true,"audioPlay":false,"sceneViewState":{"showFog":true,"showMaterialUpdate":false,"showSkybox":true,"showFlares":true,"showImageEffects":true,"showParticleSystems":true},"in2DMode":false,"pivot":{"x":-0.3192634582519531,"y":-2.0872185230255129,"z":-8.126543998718262},"rotation":{"x":0.07972554862499237,"y":-0.0029938658699393274,"z":0.00024901112192310393,"w":0.9968213438987732},"size":1.7257850170135499,"orthographic":false}